point_number,x,y,z
1,0.47631192786661425,0.0853761199191849,0.15328305720162577
2,0.4412729513221374,0.06511548383849725,0.19252159157016382
3,0.46666248381272213,0.0955080431854988,0.15326431275036054
4,0.5793483128001865,0.07540586511589382,0.19473590313428585
