point_number,x,y,z
1,0.47737749633092796,0.09097629821297928,0.15321071547625487
2,0.4415759642308581,0.0821100372379188,0.1931075244626568
3,0.4192680374317619,0.09514852815274655,0.15274768872845143
4,0.3989311193168652,0.096491631503367,0.1930672295158039
